{"cameraMode":{"drawMode":0,"name":"Shaded","section":"Shading Mode"},"sceneLighting":true,"audioPlay":false,"sceneViewState":{"showFog":true,"showMaterialUpdate":false,"showSkybox":true,"showFlares":true,"showImageEffects":true,"showParticleSystems":true,"showVisualEffectGraphs":true,"m_FxEnabled":true},"in2DMode":false,"pivot":{"x":-0.47348177433013918,"y":10.68227767944336,"z":-38.895118713378909},"rotation":{"x":0.0021038458216935398,"y":0.9628596305847168,"z":-0.2699126601219177,"w":0.007511352188885212},"size":41.21643829345703,"orthographic":false}