{"cameraMode":{"drawMode":0,"name":"Shaded","section":"Shading Mode"},"sceneLighting":true,"audioPlay":false,"sceneViewState":{"showFog":true,"showMaterialUpdate":false,"showSkybox":true,"showFlares":true,"showImageEffects":true,"showParticleSystems":true,"showVisualEffectGraphs":true,"m_FxEnabled":true},"in2DMode":false,"pivot":{"x":0.15243977308273316,"y":0.5668514966964722,"z":-1.2944107055664063},"rotation":{"x":-0.005189477000385523,"y":0.9913589358329773,"z":-0.12437762320041657,"w":-0.041362665593624118},"size":3.6073946952819826,"orthographic":false}